spec_group_id,m/z,z,rt_mean,seq,scans,profile,feature area
F1:2478,451.25348,2,824.574,IAHYNKR,F1:2478,0.0:1.0,1.0
F1:2484,626.79913,2,825.468,VKEDPDGEHAR,F1:2484,0.0:1.0,1.0
F1:2485,598.80054,2,825.618,C+57.021GHTNNIRPK,F1:2485,0.0:1.0,1.0
F1:2489,561.7985,2,826.266,VVQEQGTHPK,F1:2489,0.0:1.0,1.0
F1:2493,414.25836,2,826.716,KGKPEIR,F1:2493,0.0:1.0,1.0
F1:2496,406.71677,2,827.11804,SISHSPGK,F1:2496,0.0:1.0,1.0
F1:2503,674.29034,2,827.922,HNSYTC+57.021EATHK,F1:2503,0.0:1.0,1.0
F1:2513,449.86273,3,828.966,HNSYTC+57.021EATHK,F1:2513,0.0:1.0,1.0
F1:2518,585.28577,2,829.37396,RPDGDAASQPR,F1:2518,0.0:1.0,1.0
F1:2524,428.76614,2,830.268,KPAAAAVTK,F1:2524,0.0:1.0,1.0
F1:2538,452.7346,2,831.702,EKEEIEK,F1:2538,0.0:1.0,1.0
F1:2541,433.71643,2,832.026,FAEEDKK,F1:2541,0.0:1.0,1.0
F1:2547,436.73282,2,832.848,TGIHTSTR,F1:2547,0.0:1.0,1.0
F1:2558,464.72443,2,834.39,AHGNSGMVR,F1:2558,0.0:1.0,1.0
F1:2559,406.73514,2,834.474,KSPEPVR,F1:2559,0.0:1.0,1.0
F1:2567,614.33795,2,835.674,HAVSEGTKAVTK,F1:2567,0.0:1.0,1.0
F1:2570,544.77,2,836.022,IQEEERER,F1:2570,0.0:1.0,1.0
F1:2571,539.25323,2,836.172,TRPNDSEMK,F1:2571,0.0:1.0,1.0
F1:2572,507.26154,2,836.32196,THYDPPRK,F1:2572,0.0:1.0,1.0
F1:2573,731.3395,2,836.47205,TESPAEGKEQEEK,F1:2573,0.0:1.0,1.0
F1:2579,488.27112,2,837.366,IVEEETKK,F1:2579,0.0:1.0,1.0
F1:2580,438.24524,2,837.498,KAETIGEK,F1:2580,0.0:1.0,1.0
F1:2583,495.25775,2,837.942,C+57.021IKPNETK,F1:2583,0.0:1.0,1.0
F1:2591,405.71454,2,839.22003,GHQAIER,F1:2591,0.0:1.0,1.0
F1:2596,421.74548,2,839.964,TNNIRPK,F1:2596,0.0:1.0,1.0
F1:2600,867.40045,2,840.648,GDTPGHATPGHGGATSSAR,F1:2600,0.0:1.0,1.0
F1:2601,412.72778,2,840.72003,KSYTTPK,F1:2601,0.0:1.0,1.0
F1:2612,441.73788,2,842.532,VIEGHAEK,F1:2612,0.0:1.0,1.0
F1:2614,599.3142,2,842.83203,IQHEATAATQK,F1:2614,0.0:1.0,1.0
F1:2623,419.24496,2,844.242,KEAPAPPK,F1:2623,0.0:1.0,1.0
F1:2648,409.2106,2,848.706,ERDEIR,F1:2648,0.0:1.0,1.0
F1:2668,476.75156,2,852.966,EVIHGNQR,F1:2668,0.0:1.0,1.0
F1:2675,613.8276,2,854.412,NNTVTPGGKPNK,F1:2675,0.0:1.0,1.0
F1:2680,416.18372,2,855.462,MQEHMR,F1:2680,0.0:1.0,1.0
F1:2694,674.29083,2,858.534,HNSYTC+57.021EATHK,F1:2694,0.0:1.0,1.0
F1:2752,867.4,2,871.458,GDTPGHATPGHGGATSSAR,F1:2752,0.0:1.0,1.0
F1:2760,457.71384,2,873.726,GDDETIHK,F1:2760,0.0:1.0,1.0
F1:2808,776.35913,2,883.782,NEKSEEEQSSASVK,F1:2808,0.0:1.0,1.0
F1:2813,613.82745,2,884.83203,NNTVTPGGKPNK,F1:2813,0.0:1.0,1.0
F1:2836,674.2913,2,889.056,HNSYTC+57.021EATHK,F1:2836,0.0:1.0,1.0
F1:2888,436.19864,2,898.782,HDISDER,F1:2888,0.0:1.0,1.0
F1:2897,648.29266,2,900.22205,TGSGGVASSSESNR,F1:2897,0.0:1.0,1.0
F1:2921,492.77188,2,904.52997,AVTKYTSSK,F1:2921,0.0:1.0,1.0
F1:2922,407.71896,2,904.68,TKYTSSK,F1:2922,0.0:1.0,1.0
F1:2929,460.22247,2,905.778,SSFSQHAR,F1:2929,0.0:1.0,1.0
F1:2946,548.73834,2,908.61005,SYTC+57.021EATHK,F1:2946,0.0:1.0,1.0
F1:2952,693.80896,2,909.50397,QSHSESSPDGEVK,F1:2952,0.0:1.0,1.0
F1:2982,776.3595,2,914.80804,NEKSEEEQSSASVK,F1:2982,0.0:1.0,1.0
F1:3018,846.8801,2,920.814,KQEEEPQDDTASTSK,F1:3018,0.0:1.0,1.0
F1:3028,453.75558,2,922.32,NKPGVYTK,F1:3028,0.0:1.0,1.0
F1:3031,458.71735,2,922.77,RPHETGGY,F1:3031,0.0:1.0,1.0
F1:3032,674.28986,2,922.92,HNSYTC+57.021EATHK,F1:3032,0.0:1.0,1.0
F1:3060,415.19717,2,927.552,MIDHEGK,F1:3060,0.0:1.0,1.0
F1:3068,425.22324,2,928.83,MHPHISK,F1:3068,0.0:1.0,1.0
F1:3070,464.76294,2,929.13,GRPAATEVK,F1:3070,0.0:1.0,1.0
F1:3075,469.7016,2,929.964,FDDDDRR,F1:3075,0.0:1.0,1.0
F1:3077,655.29083,2,930.26404,TN+0.984GTTEEQTEAK,F1:3077,0.0:1.0,1.0
F1:3083,427.26633,2,931.36804,KQHSIIK,F1:3083,0.0:1.0,1.0
F1:3093,461.7456,2,932.904,STAVTTGSAK,F1:3093,0.0:1.0,1.0
F1:3118,509.7619,2,936.702,QTQVNEATK,F1:3118,0.0:1.0,1.0
F1:3121,657.7987,2,937.152,DADDQKPGPSER,F1:3121,0.0:1.0,1.0
F1:3135,548.74005,2,939.354,SYTC+57.021EATHK,F1:3135,0.0:1.0,1.0
F1:3139,470.74106,2,939.948,FHQQGAPR,F1:3139,0.0:1.0,1.0
F1:3148,403.23355,2,941.454,KVTAAMGK,F1:3148,0.0:1.0,1.0
F1:3150,491.25928,2,941.69995,GHNVAEVQK,F1:3150,0.0:1.0,1.0
F1:3162,450.75415,2,943.58405,RGQAAIER,F1:3162,0.0:1.0,1.0
F1:3165,616.7604,2,944.028,C+57.021GGAGHIASDC+57.021K,F1:3165,0.0:1.0,1.0
F1:3172,448.22946,2,945.26404,GTFADKEK,F1:3172,0.0:1.0,1.0
F1:3194,537.7461,2,948.588,EEFEHQQK,F1:3194,0.0:1.0,1.0
F1:3217,407.20886,2,952.42804,HIDDVSK,F1:3217,0.0:1.0,1.0
F1:3225,674.78186,2,953.724,HN+0.984SYTC+57.021EATHK,F1:3225,0.0:1.0,1.0
F1:3239,590.77,2,955.758,SEEEQSSASVK,F1:3239,0.0:1.0,1.0
F1:3240,464.71912,2,955.902,MHVEQER,F1:3240,0.0:1.0,1.0
F1:3241,422.2146,2,956.052,NFQAAHR,F1:3241,0.0:1.0,1.0
F1:3242,608.80597,2,956.20197,KKDDIPEEDK,F1:3242,0.0:1.0,1.0
F1:3247,508.23334,2,957.042,EGQHYPER,F1:3247,0.0:1.0,1.0
F1:3253,725.3017,2,957.936,AVEEQGDDQDSEK,F1:3253,0.0:1.0,1.0
F1:3267,748.81165,2,959.934,KGTGDC+57.021SDEEVDGK,F1:3267,0.0:1.0,1.0
F1:3282,481.25323,2,962.256,AYEKPPEK,F1:3282,0.0:1.0,1.0
F1:3293,781.34534,2,963.99,QAEQSSAAGQDGEAGR,F1:3293,0.0:1.0,1.0
F1:3309,532.2722,2,966.70795,KGDSSAEEIK,F1:3309,0.0:1.0,1.0
F1:3310,686.8438,2,966.858,REEAAVDAQQQK,F1:3310,0.0:1.0,1.0
F1:3315,658.80634,2,967.614,EENVNSPEDKR,F1:3315,0.0:1.0,1.0
F1:3320,400.2142,2,968.54407,IYPGHGR,F1:3320,0.0:1.0,1.0
F1:3359,633.81976,2,974.802,IADREDEYKK,F1:3359,0.0:1.0,1.0
F1:3371,653.29474,2,976.69794,QHTEQEASYGR,F1:3371,0.0:1.0,1.0
F1:3390,479.74063,2,979.8,RGYYNGTK,F1:3390,0.0:1.0,1.0
F1:3391,693.391,2,979.95,ATKPIEGSTRPTK,F1:3391,0.0:1.0,1.0
F1:3392,406.73508,2,980.1,VTITNHK,F1:3392,0.0:1.0,1.0
F1:3394,648.8487,2,980.4,KQVHPDTGISSK,F1:3394,0.0:1.0,1.0
F1:3400,469.74402,2,981.45,AIHVNNDR,F1:3400,0.0:1.0,1.0
F1:3426,602.2881,2,985.44604,HQGVM+15.995VGM+15.995GQK,F1:3426,0.0:1.0,1.0
F1:3432,458.74606,2,986.5499,KDQIADAR,F1:3432,0.0:1.0,1.0
F1:3433,450.73972,2,986.69995,AGM+15.995THIVR,F1:3433,0.0:1.0,1.0
F1:3449,671.7649,2,989.148,VC+57.021ETDGC+57.021SSEAK,F1:3449,0.0:1.0,1.0
F1:3454,724.8101,2,989.988,DNEEETTDDPRK,F1:3454,0.0:1.0,1.0
F1:3459,639.3202,2,990.68994,IATENSTQAQSK,F1:3459,0.0:1.0,1.0
F1:3466,421.2242,2,991.764,SVHEIEK,F1:3466,0.0:1.0,1.0
F1:3479,714.3115,2,993.762,SSAATANASSASC+57.021SR,F1:3479,0.0:1.0,1.0
F1:3489,437.25616,2,995.35803,RGPPPPPR,F1:3489,0.0:1.0,1.0
F1:3497,609.3046,2,996.76196,TSYAQHQQVR,F1:3497,0.0:1.0,1.0
F1:3508,431.2012,2,998.34595,NDEEINK,F1:3508,0.0:1.0,1.0
F1:3512,627.3102,2,998.89197,GGSIPAGHQVHGH,F1:3512,0.0:1.0,1.0
F1:3514,669.8538,2,999.192,EESGKPGAHVTVK,F1:3514,0.0:1.0,1.0
F1:3522,605.7616,2,1000.476,NSYTC+57.021EATHK,F1:3522,0.0:1.0,1.0
F1:3524,775.8415,2,1000.776,APTAGSGQEC+57.021STQEK,F1:3524,0.0:1.0,1.0
F1:3534,434.7295,2,1002.408,NVHEIEK,F1:3534,0.0:1.0,1.0
F1:3535,494.2362,2,1002.5579,YPNHSVDR,F1:3535,0.0:1.0,1.0
F1:3545,576.78033,2,1004.136,NKEEAAEYAK,F1:3545,0.0:1.0,1.0
F1:3547,499.27567,2,1004.43604,IRPDPNTGK,F1:3547,0.0:1.0,1.0
F1:3557,421.71188,2,1005.954,GHVEC+57.021IK,F1:3557,0.0:1.0,1.0
F1:3579,646.7648,2,1009.44604,PHEATC+57.021YDDGK,F1:3579,0.0:1.0,1.0
F1:3583,804.3514,2,1010.13007,NTDQASM+15.995PDNTAAQK,F1:3583,0.0:1.0,1.0
F1:3584,403.73557,2,1010.244,GHVQPIR,F1:3584,0.0:1.0,1.0
F1:3585,442.78156,2,1010.37,SQKPVVVK,F1:3585,0.0:1.0,1.0
F1:3589,452.2438,2,1011.198,NPTYRPR,F1:3589,0.0:1.0,1.0
F1:3591,447.7375,2,1011.42596,KYEEVAR,F1:3591,0.0:1.0,1.0
F1:3596,416.20963,2,1012.1699,IGHDAYR,F1:3596,0.0:1.0,1.0
F1:3601,519.2398,2,1012.92596,C+57.021FNKPEDK,F1:3601,0.0:1.0,1.0
F1:3618,751.86487,2,1015.64404,AQHEDQVEQYKK,F1:3618,0.0:1.0,1.0
F1:3622,602.7813,2,1016.388,ISRPGDSDDSR,F1:3622,0.0:1.0,1.0
F1:3632,458.25607,2,1017.972,VPSPPPGHK,F1:3632,0.0:1.0,1.0
F1:3642,812.4254,2,1019.49005,KINHQEVVEEDKR,F1:3642,0.0:1.0,1.0
F1:3684,434.24365,2,1026.234,QGVITHGR,F1:3684,0.0:1.0,1.0
F1:3687,524.7867,2,1026.66,HQTHGSIIR,F1:3687,0.0:1.0,1.0
F1:3695,743.3352,2,1027.9441,YHTVNGHNC+57.021EVR,F1:3695,0.0:1.0,1.0
F1:3699,475.22992,2,1028.4299,RC+57.021DEITR,F1:3699,0.0:1.0,1.0
F1:3703,621.31757,2,1029.024,RPDQQIQGDGK,F1:3703,0.0:1.0,1.0
